Cash Account,Expenditure Account, ,FYTD Appropriated,Prior Yr Enc,FYTD Expendable,FYTD Expended,MTD Expended,Encumbrance,Future Enc,FYTD Unencumbered,% Exp/Enc,Fund,Func,Function One Digit Level,Function Two Digit Level,Object,Object Level,SCC,Subject,Subject Two Digit Level,OPU,Opu One Digit Level,Job,IL
001-0000,001-1100-111-0000-000000-000-00-000,CERTIFIED TECH,79793.91,0.00,79793.91,55062.55,6682.84,0.00,0,24731.36,69.0059554700,001,1100,1000,1100,111,100,0000,000000,000000,000,000,000,00
001-0000,001-1100-112-0000-000000-000-00-000,SUBSTITUTE TEACHER,115366.21,0.00,115366.21,56835.29,10638.00,0.00,0,58530.92,49.2651097800,001,1100,1000,1100,112,100,0000,000000,000000,000,000,000,00
001-0000,001-1100-119-0000-000000-000-00-000,SUMMER SCHOOL TEACHERS,5854.50,0.00,5854.50,4200.00,0,0.00,0,1654.50,71.7396874200,001,1100,1000,1100,119,100,0000,000000,000000,000,000,000,00
001-0000,001-1100-132-0000-000000-000-00-000,TEACHER SEVERANCE PAY,0.00,0.00,0.00,0,0,0.00,0,0.00,0,001,1100,1000,1100,132,100,0000,000000,000000,000,000,000,00
001-0000,001-1100-139-0000-000000-000-00-000,TEACHER OPT OUT/PERSONAL DAYS,18050.00,0.00,18050.00,9800.00,0,0.00,0,8250.00,54.2936288100,001,1100,1000,1100,139,100,0000,000000,000000,000,000,000,00
001-0000,001-1100-141-0000-000000-000-00-000,AIDES/TECH SALARIES,398602.75,0.00,398602.75,279782.98,32269.86,0.00,0,118819.77,70.1909306900,001,1100,1000,1100,141,100,0000,000000,000000,000,000,000,00
001-0000,001-1100-142-0000-000000-000-16-000,AIDES/TECH SUBSTITUTES,25439.08,0.00,25439.08,12716.08,1539.00,0.00,0,12723.00,49.9863988800,001,1100,1000,1100,142,100,0000,000000,000000,000,000,000,16
001-0000,001-1100-169-0000-000000-000-00-000,AIDES/TECH OPT OUT/PERS DAY,8250.00,0.00,8250.00,7000.00,0,0.00,0,1250.00,84.8484848500,001,1100,1000,1100,169,100,0000,000000,000000,000,000,000,00
001-0000,001-1100-211-0000-000000-000-00-000,STRS,616433.34,0.00,616433.34,341236.30,44026.00,0.00,0,275197.04,55.3565613400,001,1100,1000,1100,211,200,0000,000000,000000,000,000,000,00
001-0000,001-1100-212-0000-000000-000-00-000,STRS 1%,34517.42,0.00,34517.42,24215.58,3372.35,0.00,0,10301.84,70.1546639300,001,1100,1000,1100,212,200,0000,000000,000000,000,000,000,00
001-0000,001-1100-221-0000-000000-000-00-000,AIDES/TECH SERS,38101.16,0.00,38101.16,25704.00,3213.00,6027.34,0,6369.82,83.2818213400,001,1100,1000,1100,221,200,0000,000000,000000,000,000,000,00
001-0000,001-1100-231-0000-000000-000-00-000,TUITION REIMBURSEMENT,22658.55,900.00,23558.55,3183.00,405.00,1492.00,0,18883.55,19.8441754700,001,1100,1000,1100,231,200,0000,000000,000000,000,000,000,00
001-0000,001-1100-239-0000-000000-000-00-000,LICENSE REIMBURSEMENT,4238.00,0.00,4238.00,3122.00,520.00,1987.00,0,-871.00,120.5521472400,001,1100,1000,1100,239,200,0000,000000,000000,000,000,000,00
001-0000,001-1100-241-0000-000000-000-00-000,CERT MEDICAL INSURANCE,791646.54,0.00,791646.54,665645.26,86779.77,0.00,0,126001.28,84.0836442000,001,1100,1000,1100,241,200,0000,000000,000000,000,000,000,00
001-0000,001-1100-242-0000-000000-000-00-000,CERT LIFE INSURANCE,1973.50,0.00,1973.50,1237.50,157.50,0.00,0,736.00,62.7058525500,001,1100,1000,1100,242,200,0000,000000,000000,000,000,000,00
001-0000,001-1100-243-0000-000000-000-00-000,CERT DENTAL INSURANCE,40964.80,0.00,40964.80,31970.17,4146.41,0.00,0,8994.63,78.0430271800,001,1100,1000,1100,243,200,0000,000000,000000,000,000,000,00
001-0000,001-1100-244-0000-000000-000-00-000,CERT VISION INSURANCE,7054.93,0.00,7054.93,5325.21,683.99,0.00,0,1729.72,75.4821096700,001,1100,1000,1100,244,200,0000,000000,000000,000,000,000,00
001-0000,001-1100-249-0000-000000-000-00-000,CERT MEDICARE,66389.91,0.00,66389.91,39016.86,4232.66,0.00,2161.35,27373.05,58.7692617700,001,1100,1000,1100,249,200,0000,000000,000000,000,000,000,00
001-0000,001-1100-251-0000-000000-000-00-000,CLASS MEDICAL INSURANCE,46069.45,0.00,46069.45,41969.69,3997.45,0.00,0,4099.76,91.1009139500,001,1100,1000,1100,251,200,0000,000000,000000,000,000,000,00
001-0000,001-1100-252-0000-000000-000-00-000,CLASS LIFE INSURANCE,450.00,0.00,450.00,297.50,35.00,0.00,0,152.50,66.1111111100,001,1100,1000,1100,252,200,0000,000000,000000,000,000,000,00
001-0000,001-1100-253-0000-000000-000-00-000,CLASS DENTAL INSURANCE,2786.40,0.00,2786.40,2206.14,246.56,0.00,0,580.26,79.1752799300,001,1100,1000,1100,253,200,0000,000000,000000,000,000,000,00
001-0000,001-1100-254-0000-000000-000-00-000,CLASS VISION INSURANCE,466.48,0.00,466.48,378.41,41.63,0.00,0,88.07,81.1203052600,001,1100,1000,1100,254,200,0000,000000,000000,000,000,000,00
001-0000,001-1100-261-0000-000000-000-00-000,WORKERS COMPENSATION,12790.92,0.00,12790.92,13595.24,1357.00,200.00,0,-1004.32,107.8518198800,001,1100,1000,1100,261,200,0000,000000,000000,000,000,000,00
001-0000,001-1100-282-0000-000000-000-00-000,UNEMPLOYMENT,5000.00,0.00,5000.00,0,0,5000.00,0,0.00,100,001,1100,1000,1100,282,200,0000,000000,000000,000,000,000,00
001-0000,001-1100-411-0000-000000-001-00-000,SPEAKERS,3896.34,0.00,3896.34,1894.49,0,115.51,0,1886.34,51.5868738400,001,1100,1000,1100,411,400,0000,000000,000000,001,000,000,00
001-0000,001-1100-412-0000-000000-000-00-000,INSTRUCTIONAL IMPROVEMENT SERVICES,8845.00,0.00,8845.00,6902.00,100.00,0.00,0,1943.00,78.0327868900,001,1100,1000,1100,412,400,0000,000000,000000,000,000,000,00
001-0000,001-1100-416-0000-000000-000-00-000,DATA PROCESSING SERVICES,91357.21,4328.00,95685.21,59478.05,10560.00,13702.77,-3009.77,22504.39,76.4808061800,001,1100,1000,1100,416,400,0000,000000,000000,000,000,000,00
001-0000,001-1100-419-0000-000000-000-00-000,PROFESSIONAL/TECHNICAL SERVICES,10490.00,0.00,10490.00,10454.74,0,0.00,0,35.26,99.6638703500,001,1100,1000,1100,419,400,0000,000000,000000,000,000,000,00
001-0000,001-1100-423-0000-000000-000-00-000,REPAIRS MAINTENANCE SERVICES,6728.00,0.00,6728.00,3882.34,0,351.80,0,2493.86,62.9331153400,001,1100,1000,1100,423,400,0000,000000,000000,000,000,000,00
001-0000,001-1100-431-0000-000000-000-00-000,CERTIFIED MILEAGE,4587.46,0.00,4587.46,1025.55,269.55,974.45,0,2587.46,43.5971103800,001,1100,1000,1100,431,400,0000,000000,000000,000,000,000,00
001-0000,001-1100-432-0000-000000-000-00-000,CERTIFIED MEETING/MEALS/HOTEL,1066.25,0.00,1066.25,680.80,0,0.00,0,385.45,63.8499413800,001,1100,1000,1100,432,400,0000,000000,000000,000,000,000,00
001-0000,001-1100-433-0000-000000-000-00-000,NON-CERTIFIED MILEAGE,857.40,0.00,857.40,334.05,0,319.50,0,203.85,76.2246326100,001,1100,1000,1100,433,400,0000,000000,000000,000,000,000,00
001-0000,001-1100-434-0000-000000-000-00-000,NON-CERTIFIED MEETING/MEALS/HOTEL,10.00,0.00,10.00,0,0,0.00,0,10.00,0,001,1100,1000,1100,434,400,0000,000000,000000,000,000,000,00
001-0000,001-1100-447-0000-000000-000-00-000,INTERNET ACCESS/LICENSE FEES,35090.98,7680.00,42770.98,0,0,7680.00,0,35090.98,17.9561001400,001,1100,1000,1100,447,400,0000,000000,000000,000,000,000,00
001-0000,001-1100-449-0000-000000-000-00-000,COMMUNICATION COSTS,5000.00,0.00,5000.00,697.00,317.00,620.00,0,3683.00,26.3400,001,1100,1000,1100,449,400,0000,000000,000000,000,000,000,00
001-0000,001-1100-471-0000-000000-000-00-000,TUITION PAID OTHER SCHOOLS- STATE/ST MARYS,77373.32,0.00,77373.32,39455.92,2103.80,2115.00,0,35802.40,53.7277190600,001,1100,1000,1100,471,400,0000,000000,000000,000,000,000,00
001-0000,001-1100-479-0000-000000-000-00-000,CCP / RESIDENTIAL FACILITY,97757.43,0.00,97757.43,49926.07,15124.44,0.00,0,47831.36,51.0713814800,001,1100,1000,1100,479,400,0000,000000,000000,000,000,000,00
001-0000,001-1100-499-0000-000000-000-00-000,FINGERPRINTING,910.00,0.00,910.00,350.00,245.00,250.00,0,310.00,65.9340659300,001,1100,1000,1100,499,400,0000,000000,000000,000,000,000,00
001-0000,001-1100-511-0000-000000-000-00-000,INSTRUCTIONAL SUPPLIES CONSUMABLE,118370.90,6275.18,124646.08,74216.65,4911.87,39040.23,-5450.55,11389.20,90.8627692100,001,1100,1000,1100,511,500,0000,000000,000000,000,000,000,00
001-0000,001-1100-512-0000-000000-000-00-000,TEACHER OFFICE SUPPLIES,24544.22,4360.32,28904.54,17542.83,396.69,1043.40,269.83,10318.31,64.3021130900,001,1100,1000,1100,512,500,0000,000000,000000,000,000,000,00
001-0000,001-1100-519-0000-000000-000-00-000,OTHER SUPPLIES,7450.15,396.45,7846.60,1441.00,60.00,5464.48,0,941.12,88.0060153400,001,1100,1000,1100,519,500,0000,000000,000000,000,000,000,00
001-0000,001-1100-525-0000-000000-000-16-000,ELECTRONIC INSTRUCTIONAL MATERIALS/SUPPLIES,119968.21,9773.50,129741.71,92628.30,46669.79,45182.62,-10986.19,-8069.21,106.2194416900,001,1100,1000,1100,525,500,0000,000000,000000,000,000,000,16
001-0000,001-1100-551-0000-000000-000-00-000,SUPPLIES FOR RESALE,48818.76,903.27,49722.03,41724.22,0,1044.04,0,6953.77,86.0147101800,001,1100,1000,1100,551,500,0000,000000,000000,000,000,000,00
001-0000,001-1100-573-0000-000000-000-00-000,EQUIPMENT / FURNITURE,2000.00,0.00,2000.00,1523.25,999.30,0.00,0,476.75,76.162500,001,1100,1000,1100,573,500,0000,000000,000000,000,000,000,00
001-0000,001-1100-640-0000-000000-000-00-000,EQUIPMENT,296648.26,3505.80,300154.06,153855.39,32695.50,2031.40,0,144267.27,51.9355926800,001,1100,1000,1100,640,600,0000,000000,000000,000,000,000,00
001-0000,001-1100-841-0000-000000-000-00-000,MEMBERSHIP IN PROFESSIONAL ORG,2165.00,0.00,2165.00,0,0,2075.00,-175.00,90.00,95.8429561200,001,1100,1000,1100,841,800,0000,000000,000000,000,000,000,00
001-0000,001-1110-111-0000-000000-004-01-000,SALARY REGULAR TEACHER - 1ST GRADE,272754.40,0.00,272754.40,186635.76,21029.66,0.00,0,86118.64,68.4263058600,001,1110,1000,1100,111,100,0000,000000,000000,004,000,000,01
001-0000,001-1110-111-0000-000000-004-02-000,SALARY REGULAR TEACHER - 2ND GRADE,180277.80,0.00,180277.80,125655.12,15034.92,0.00,0,54622.68,69.7008283900,001,1110,1000,1100,111,100,0000,000000,000000,004,000,000,02
001-0000,001-1110-111-0000-000000-004-03-000,SALARY REGULAR TEACHER - 3RD GRADE,292723.80,0.00,292723.80,202029.16,25173.66,0.00,0,90694.64,69.0169914400,001,1110,1000,1100,111,100,0000,000000,000000,004,000,000,03
001-0000,001-1110-111-0000-000000-004-04-000,SALARY REGULAR TEACHER - 4TH GRADE,284274.40,0.00,284274.40,196345.44,23982.24,0.00,0,87928.96,69.0689840500,001,1110,1000,1100,111,100,0000,000000,000000,004,000,000,04
001-0000,001-1110-111-0000-000000-004-14-000,SALARY REGULAR TEACHER - KDG,222204.70,0.00,222204.70,161327.34,16719.34,0.00,0,60877.36,72.6030277500,001,1110,1000,1100,111,100,0000,000000,000000,004,000,000,14
001-0000,001-1110-111-0000-020000-004-00-000,SALARY REGULAR TEACHER - ART (E),41194.30,0.00,41194.30,28267.84,3437.26,0.00,0,12926.46,68.6207557800,001,1110,1000,1100,111,100,0000,020000,020000,004,000,000,00
001-0000,001-1110-111-0000-080000-004-00-000,SALARY REGULAR TEACHER - PE (E),38501.50,0.00,38501.50,26526.54,3217.62,0.00,0,11974.96,68.8974195800,001,1110,1000,1100,111,100,0000,080000,080000,004,000,000,00
001-0000,001-1110-111-0000-120000-004-00-000,SALARY REGULAR TEACHER - MUSIC (E),40217.50,0.00,40217.50,27629.32,3358.68,0.00,0,12588.18,68.6997451400,001,1110,1000,1100,111,100,0000,120000,120000,004,000,000,00
001-0000,001-1110-521-0000-050000-004-00-000,ELEMENTARY READING TEXTBOOKS,911.68,0.00,911.68,911.68,0,0.00,0,0.00,100,001,1110,1000,1100,521,500,0000,050000,050000,004,000,000,00
001-0000,001-1110-521-0000-110000-004-00-000,ELEMENTARY MATH TEXTBOOKS,15470.67,0.00,15470.67,15470.67,0,0.00,0,0.00,100,001,1110,1000,1100,521,500,0000,110000,110000,004,000,000,00
001-0000,001-1120-111-0000-020000-003-00-000,SALARY REGULAR TEACHER - ART (MS),41194.50,0.00,41194.50,28267.88,3437.26,0.00,0,12926.62,68.6205197300,001,1120,1000,1100,111,100,0000,020000,020000,003,000,000,00
001-0000,001-1120-111-0000-050156-003-00-000,SALARY REGULAR TEACHER - MS ENGLISH,343025.74,0.00,343025.74,236773.12,28774.90,0.00,0,106252.62,69.0248842600,001,1120,1000,1100,111,100,0000,050156,050000,003,000,000,00
001-0000,001-1120-111-0000-080300-003-00-000,SALARY REGULAR TEACHER - PE (MS),58596.26,0.00,58596.26,40445.75,4909.18,0.00,0,18150.51,69.0244565100,001,1120,1000,1100,111,100,0000,080300,080000,003,000,000,00
001-0000,001-1120-111-0000-110000-003-00-000,SALARY REGULAR TEACHER - MS MATH,188083.20,0.00,188083.20,130826.80,15814.10,0.00,0,57256.40,69.5579403200,001,1120,1000,1100,111,100,0000,110000,110000,003,000,000,00
001-0000,001-1120-111-0000-120500-003-00-000,SALARY REGULAR TEACHER - INSTR MUSIC (MS),0.0,0.00,0.00,4358.66,0,0.00,0,-4358.66,0,001,1120,1000,1100,111,100,0000,120500,120000,003,000,000,00
001-0000,001-1120-111-0000-120505-003-00-000,SALARY REGULAR TEACHER INSTR MUSIC,43831.28,0.00,43831.28,27037.98,3358.66,0.00,0,16793.30,61.6864942100,001,1120,1000,1100,111,100,0000,120505,120000,003,000,000,00
001-0000,001-1120-111-0000-130000-003-00-000,SALARY REGULAR TEACHER - MS SCIENCE,128462.40,0.00,128462.40,88810.08,10734.18,0.00,0,39652.32,69.1331315600,001,1120,1000,1100,111,100,0000,130000,130000,003,000,000,00
001-0000,001-1120-111-0000-150000-003-00-000,SALARY REGULAR TEACHER - MS SOC STUD,122019.28,0.00,122019.28,84077.04,10235.56,0.00,0,37942.24,68.9047173500,001,1120,1000,1100,111,100,0000,150000,150000,003,000,000,00
001-0000,001-1120-521-0000-130000-000-00-000,MS TEXTBOOKS SCIENCE,0.00,0.00,0.00,0,0,0.00,0,0.00,0,001,1120,1000,1100,521,500,0000,130000,130000,000,000,000,00
001-0000,001-1120-521-0000-150000-003-00-000,MS TEXTBOOKS SOCIAL STUDIES,6860.48,0.00,6860.48,6860.48,0,0.00,0,0.00,100,001,1120,1000,1100,521,500,0000,150000,150000,003,000,000,00
001-0000,001-1130-111-0000-020000-002-00-000,SALARY REGULAR TEACHER - HS ART,81295.20,0.00,81295.20,55988.88,6826.58,0.00,0,25306.32,68.8710772600,001,1130,1000,1100,111,100,0000,020000,020000,002,000,000,00
001-0000,001-1130-111-0000-030000-002-00-000,SALARY REGULAR TEACHER - HS BUS ED,62686.80,0.00,62686.80,43558.16,5282.16,0.00,0,19128.64,69.4853781000,001,1130,1000,1100,111,100,0000,030000,030000,002,000,000,00
001-0000,001-1130-111-0000-050000-002-00-000,SALARY REGULAR TEACHER - HS ENG,173717.46,0.00,173717.46,120324.82,14628.16,0.00,0,53392.64,69.2646668900,001,1130,1000,1100,111,100,0000,050000,050000,002,000,000,00
001-0000,001-1130-111-0000-060265-002-00-000,SALARY REGULAR TEACHER - HS SPANISH,80411.00,0.00,80411.00,55458.36,6738.16,0.00,0,24952.64,68.9686237000,001,1130,1000,1100,111,100,0000,060265,060000,002,000,000,00
001-0000,001-1130-111-0000-080000-002-00-000,SALARY REGULAR TEACHER - HS PHYS ED/HEALTH,60555.71,0.00,60555.71,41757.23,5074.62,0.00,0,18798.48,68.9567177100,001,1130,1000,1100,111,100,0000,080000,080000,002,000,000,00
001-0000,001-1130-111-0000-110000-002-00-000,SALARY REGULAR TEACHER - HS MATH,197121.80,0.00,197121.80,138428.36,18173.36,0.00,0,58693.44,70.2247848800,001,1130,1000,1100,111,100,0000,110000,110000,002,000,000,00
001-0000,001-1130-111-0000-120500-002-00-000,SALARY REGULAR TEACHER - HS INSTR MUSIC,0.0,0.00,0.00,10259.04,0,0.00,0,-10259.04,0,001,1130,1000,1100,111,100,0000,120500,120000,002,000,000,00
001-0000,001-1130-111-0000-120505-002-00-000,SALARY REGULAR TEACHER HS INSTR MUSIC,82192.33,0.00,82192.33,48016.69,7379.04,0.00,0,34175.64,58.4199158200,001,1130,1000,1100,111,100,0000,120505,120000,002,000,000,00
001-0000,001-1130-111-0000-130000-002-00-000,SALARY REGULAR TEACHER - HS SCIENCE,215085.40,0.00,215085.40,145843.12,18931.32,0.00,0,69242.28,67.8070757000,001,1130,1000,1100,111,100,0000,130000,130000,002,000,000,00
001-0000,001-1130-111-0000-150000-002-00-000,SALARY REGULAR TEACHER - HS SS,150909.34,0.00,150909.34,104972.30,12704.26,0.00,0,45937.04,69.5598430200,001,1130,1000,1100,111,100,0000,150000,150000,002,000,000,00
001-0000,001-1130-521-0000-120000-002-00-000,HS TEXTBOOKS MUSIC,299.00,0.00,299.00,299.00,0,0.00,0,0.00,100,001,1130,1000,1100,521,500,0000,120000,120000,002,000,000,00
001-0000,001-1130-529-0000-000000-002-15-000,COLLEGE CREDIT PLUS TEXTBOOKS,32000.00,0.00,32000.00,19594.25,1730.57,17739.19,0,-5333.44,116.66700,001,1130,1000,1100,529,500,0000,000000,000000,002,000,000,15
001-0000,001-1210-111-0000-000000-000-00-000,SALARY GIFTED CERTIFIED,135141.40,0.00,135141.40,89990.04,12287.84,0.00,0,45151.36,66.5895425100,001,1210,1000,1200,111,100,0000,000000,000000,000,000,000,00
001-0000,001-1210-211-0000-000000-000-00-000,GIFTED STRS,10440.00,0.00,10440.00,7280.00,910.00,0.00,0,3160.00,69.7318007700,001,1210,1000,1200,211,200,0000,000000,000000,000,000,000,00
001-0000,001-1210-212-0000-000000-000-00-000,GIFTED 1% STRS,777.04,0.00,777.04,621.44,122.88,0.00,0,155.60,79.9752908500,001,1210,1000,1200,212,200,0000,000000,000000,000,000,000,00
001-0000,001-1210-249-0000-000000-000-00-000,GIFTED MEDICARE,1779.13,0.00,1779.13,1127.21,169.88,0.00,84.94,651.92,63.3573713000,001,1210,1000,1200,249,200,0000,000000,000000,000,000,000,00
001-0000,001-1210-511-0000-000000-000-00-000,GIFTED EDUCATIONAL SUPPLIES,1099.03,0.00,1099.03,0,0,0.00,0,1099.03,0,001,1210,1000,1200,511,500,0000,000000,000000,000,000,000,00
001-0000,001-1237-111-0000-000000-000-00-000,K-6 LD SALARIES,489167.35,0.00,489167.35,343018.21,40274.40,0.00,0,146149.14,70.1228751300,001,1237,1000,1200,111,100,0000,000000,000000,000,000,000,00
001-0000,001-1237-141-0000-000000-000-00-000,K-6 LD CLASSIFIED SALARIES,176974.17,0.00,176974.17,132389.75,14459.48,0.00,0,44584.42,74.8073857300,001,1237,1000,1200,141,100,0000,000000,000000,000,000,000,00
001-0000,001-1237-169-0000-000000-000-00-000,K-6 LD OPT OUT,6000.00,0.00,6000.00,3000.00,0,0.00,0,3000.00,50.0,001,1237,1000,1200,169,100,0000,000000,000000,000,000,000,00
001-0000,001-1237-211-0000-000000-000-00-000,K-6 LD STRS,60336.00,0.00,60336.00,43424.00,5428.00,0.00,0,16912.00,71.9702996600,001,1237,1000,1200,211,200,0000,000000,000000,000,000,000,00
001-0000,001-1237-212-0000-000000-000-00-000,K-6 LD 1% STRS,4280.58,0.00,4280.58,3066.25,383.00,0.00,0,1214.33,71.6316480500,001,1237,1000,1200,212,200,0000,000000,000000,000,000,000,00
001-0000,001-1237-221-0000-000000-000-00-000,K-6 LD SERS,16068.00,0.00,16068.00,14336.00,1792.00,2793.72,0,-1061.72,106.6076674100,001,1237,1000,1200,221,200,0000,000000,000000,000,000,000,00
001-0000,001-1237-241-0000-000000-000-00-000,K-6 LD MEDICAL INSURANCE,175337.58,0.00,175337.58,94866.85,9915.72,0.00,0,80470.73,54.1052579800,001,1237,1000,1200,241,200,0000,000000,000000,000,000,000,00
001-0000,001-1237-242-0000-000000-000-00-000,K-6 LD LIFE INSURANCE,400.00,0.00,400.00,220.00,27.50,0.00,0,180.00,55.00,001,1237,1000,1200,242,200,0000,000000,000000,000,000,000,00
001-0000,001-1237-243-0000-000000-000-00-000,K-6 LD DENTAL INSURANCE,9309.12,0.00,9309.12,4521.77,461.83,0.00,0,4787.35,48.5735493800,001,1237,1000,1200,243,200,0000,000000,000000,000,000,000,00
001-0000,001-1237-244-0000-000000-000-00-000,K-6 LD VISION INSURANCE,1587.64,0.00,1587.64,775.71,79.68,0.00,0,811.93,48.8593131900,001,1237,1000,1200,244,200,0000,000000,000000,000,000,000,00
001-0000,001-1237-249-0000-000000-000-00-000,K-6 LD CERTIFIED MEDICARE,6514.51,0.00,6514.51,4461.27,539.26,0.00,255.75,2053.24,68.4820500700,001,1237,1000,1200,249,200,0000,000000,000000,000,000,000,00
001-0000,001-1237-251-0000-000000-000-00-000,K-6 LD CLASSIFIED MEDICAL INSURANCE,32351.60,0.00,32351.60,38885.77,4869.84,0.00,0,-6534.17,120.1973627300,001,1237,1000,1200,251,200,0000,000000,000000,000,000,000,00
001-0000,001-1237-252-0000-000000-000-00-000,K-6 LD CLASSIFED LIFE INSURANCE,357.50,0.00,357.50,240.00,30.00,0.00,0,117.50,67.1328671300,001,1237,1000,1200,252,200,0000,000000,000000,000,000,000,00
001-0000,001-1237-253-0000-000000-000-00-000,K-6 LD CLASSIFIED DENTAL INSURANCE,1010.07,0.00,1010.07,901.74,100.65,0.00,0,108.33,89.2750007400,001,1237,1000,1200,253,200,0000,000000,000000,000,000,000,00
001-0000,001-1237-254-0000-000000-000-00-000,K-6 LD CLASSIFIED VISION,281.26,0.00,281.26,232.48,26.68,0.00,0,48.78,82.6566166500,001,1237,1000,1200,254,200,0000,000000,000000,000,000,000,00
001-0000,001-1237-259-0000-000000-000-00-000,K-6 LD CLASSIFIED MEDICARE,2454.04,0.00,2454.04,1825.71,197.53,0.00,113.73,628.33,74.3960978600,001,1237,1000,1200,259,200,0000,000000,000000,000,000,000,00
001-0000,001-1237-411-0000-000000-000-00-000,K-6 LD ASL INTERPRETER SERVICES,50000.00,0.00,50000.00,1577.50,337.50,1462.50,1240.00,46960.00,6.0800,001,1237,1000,1200,411,400,0000,000000,000000,000,000,000,00
001-0000,001-1237-412-0000-000000-000-00-000,K-6 LD EDUCATIONAL CONSULTANT,7500.00,0.00,7500.00,4475.00,0,3025.00,0,0.00,100,001,1237,1000,1200,412,400,0000,000000,000000,000,000,000,00
001-0000,001-1237-413-0000-000000-000-00-000,HEALTH SERVICES,315.00,0.00,315.00,315.00,0,0.00,0,0.00,100,001,1237,1000,1200,413,400,0000,000000,000000,000,000,000,00
001-0000,001-1237-431-0000-000000-000-00-000,K-6 LD MILEAGE,4077.33,0.00,4077.33,921.98,123.98,3078.02,0,77.33,98.1034157200,001,1237,1000,1200,431,400,0000,000000,000000,000,000,000,00
001-0000,001-1237-432-0000-000000-000-00-000,K-6 LD CERTIFIED MEETING/MEALS/HOTEL,950.00,100.00,1050.00,0,0,100.00,0,950.00,9.5238095200,001,1237,1000,1200,432,400,0000,000000,000000,000,000,000,00
001-0000,001-1237-475-0000-000000-000-00-000,SPECIAL EDUCATION OF IN DISTRICT STUDENTS,9772.92,0.00,9772.92,1837.99,334.18,5000.00,0,2934.93,69.9687503800,001,1237,1000,1200,475,400,0000,000000,000000,000,000,000,00
001-0000,001-1237-511-0000-000000-000-00-000,K-6 LD INSTRUCTIONAL SUPPLIES,2764.77,0.00,2764.77,2150.32,0,0.00,0,614.45,77.7757281800,001,1237,1000,1200,511,500,0000,000000,000000,000,000,000,00
001-0000,001-1237-525-0000-000000-000-00-000,K-6 LD ELECTRONIC INSTRUCTIONAL SUPPLIES,661.45,0.00,661.45,649.00,0,0.00,0,12.45,98.1177715600,001,1237,1000,1200,525,500,0000,000000,000000,000,000,000,00
001-0000,001-1237-640-0000-000000-000-00-000,K-6 LD EQUIPMENT,6232.00,0.00,6232.00,507.28,0,0.00,0,5724.72,8.1399229800,001,1237,1000,1200,640,600,0000,000000,000000,000,000,000,00
001-0000,001-1240-411-0000-000000-000-00-000,7-12 HANDICAPPED INSTRUCTIONAL SERVICES,110800.50,2701.82,113502.32,40374.20,0,46827.62,0,26300.50,76.8282269500,001,1240,1000,1200,411,400,0000,000000,000000,000,000,000,00
001-0000,001-1247-111-0000-000000-000-00-000,7-12 LD SALARIES,334609.79,0.00,334609.79,235040.59,26892.30,0.00,0,99569.20,70.2431898400,001,1247,1000,1200,111,100,0000,000000,000000,000,000,000,00
001-0000,001-1247-139-0000-000000-000-00-000,7-12 LD OPT OUT,350.00,0.00,350.00,50.00,0,0.00,0,300.00,14.2857142900,001,1247,1000,1200,139,100,0000,000000,000000,000,000,000,00
001-0000,001-1247-141-0000-000000-000-00-000,7-12 LD CLASSIFIED SALARIES,102046.66,0.00,102046.66,77124.02,8230.66,0.00,0,24922.64,75.5772114400,001,1247,1000,1200,141,100,0000,000000,000000,000,000,000,00
001-0000,001-1247-169-0000-000000-000-00-000,7-12 LD OPT OUT,2350.00,0.00,2350.00,1250.00,0,0.00,0,1100.00,53.1914893600,001,1247,1000,1200,169,100,0000,000000,000000,000,000,000,00
001-0000,001-1247-211-0000-000000-000-00-000,7-12 LD STRS,55332.00,0.00,55332.00,31928.00,3991.00,0.00,0,23404.00,57.7025952400,001,1247,1000,1200,211,200,0000,000000,000000,000,000,000,00
001-0000,001-1247-212-0000-000000-000-00-000,7-12 LD STRS 1%,3346.23,0.00,3346.23,2350.47,268.94,0.00,0,995.76,70.2423324200,001,1247,1000,1200,212,200,0000,000000,000000,000,000,000,00
001-0000,001-1247-221-0000-000000-000-00-000,7-12 LD SERS,12624.00,0.00,12624.00,10400.00,1300.00,1876.15,0,347.85,97.2445342200,001,1247,1000,1200,221,200,0000,000000,000000,000,000,000,00
001-0000,001-1247-241-0000-000000-000-00-000,7-12 LD MEDICAL INSURANCE,96264.20,0.00,96264.20,70960.00,8983.15,0.00,0,25304.20,73.7138001500,001,1247,1000,1200,241,200,0000,000000,000000,000,000,000,00
001-0000,001-1247-242-0000-000000-000-00-000,7-12 LD LIFE INSURANCE,130.00,0.00,130.00,80.00,10.00,0.00,0,50.00,61.5384615400,001,1247,1000,1200,242,200,0000,000000,000000,000,000,000,00
001-0000,001-1247-243-0000-000000-000-00-000,7-12 LD DENTAL INSURANCE,5337.48,0.00,5337.48,2980.39,339.84,0.00,0,2357.09,55.8388977600,001,1247,1000,1200,243,200,0000,000000,000000,000,000,000,00
001-0000,001-1247-244-0000-000000-000-00-000,7-12 LD VISION INSURANCE,910.29,0.00,910.29,508.32,57.97,0.00,0,401.97,55.8415450000,001,1247,1000,1200,244,200,0000,000000,000000,000,000,000,00
001-0000,001-1247-249-0000-000000-000-00-000,7-12 LD CERTIFIED MEDICARE,4421.33,0.00,4421.33,3023.71,354.59,0.00,177.28,1397.62,68.3891498700,001,1247,1000,1200,249,200,0000,000000,000000,000,000,000,00
001-0000,001-1247-251-0000-000000-000-00-000,7-12 CLASSIFIED MEDICAL,16618.76,0.00,16618.76,4737.44,0,0.00,0,11881.32,28.5065793100,001,1247,1000,1200,251,200,0000,000000,000000,000,000,000,00
001-0000,001-1247-253-0000-000000-000-00-000,7-12 CLASSIFIED DENTAL,487.62,0.00,487.62,557.28,69.66,0.00,0,-69.66,114.2857142900,001,1247,1000,1200,253,200,0000,000000,000000,000,000,000,00
001-0000,001-1247-254-0000-000000-000-00-000,7-12 CLASSIFIED VISION,60.00,0.00,60.00,82.32,13.72,0.00,0,-22.32,137.200,001,1247,1000,1200,254,200,0000,000000,000000,000,000,000,00
001-0000,001-1247-259-0000-000000-000-00-000,7-12 LD CLASSIFIED MEDICARE,1685.09,0.00,1685.09,1023.64,110.70,0.00,55.46,661.45,60.7469037300,001,1247,1000,1200,259,200,0000,000000,000000,000,000,000,00
001-0000,001-1247-431-0000-000000-000-00-000,7-12 LD MILEAGE REIMBURSEMENT,150.00,0.00,150.00,0,0,0.00,0,150.00,0,001,1247,1000,1200,431,400,0000,000000,000000,000,000,000,00
001-0000,001-1247-511-0000-000000-000-00-000,7-12 LD INSTRUCTIONAL SUPPLIES,954.29,0.00,954.29,0,0,0.00,0,954.29,0,001,1247,1000,1200,511,500,0000,000000,000000,000,000,000,00
001-0000,001-1247-525-0000-000000-000-00-000,7-12 LD ELECTRONIC INSTRUCTIONAL SUPPLIES,590.15,0.00,590.15,0,0,0.00,0,590.15,0,001,1247,1000,1200,525,500,0000,000000,000000,000,000,000,00
001-0000,001-1247-640-0000-000000-000-00-000,7-12 LD EQUIPMENT,1600.00,0.00,1600.00,0,0,0.00,0,1600.00,0,001,1247,1000,1200,640,600,0000,000000,000000,000,000,000,00
001-0000,001-1270-111-0000-000000-000-00-000,SALARIES - DISADVANTAGED CHILDREN,86922.84,0.00,86922.84,86922.84,0,0.00,0,0.00,100,001,1270,1000,1200,111,100,0000,000000,000000,000,000,000,00
001-0000,001-1270-211-0000-000000-000-00-000,STRS,487.66,0.00,487.66,0,0,0.00,0,487.66,0,001,1270,1000,1200,211,200,0000,000000,000000,000,000,000,00
001-0000,001-1270-212-0000-000000-000-00-000,STRS 1%,2360.48,0.00,2360.48,2360.48,0,0.00,0,0.00,100,001,1270,1000,1200,212,200,0000,000000,000000,000,000,000,00
001-0000,001-1270-241-0000-000000-000-00-000,HEALTH INSURANCE,8039.94,0.00,8039.94,6299.25,0,0.00,0,1740.69,78.3494652900,001,1270,1000,1200,241,200,0000,000000,000000,000,000,000,00
001-0000,001-1270-242-0000-000000-000-00-000,LIFE INSURANCE,20.00,0.00,20.00,0,0,0.00,0,20.00,0,001,1270,1000,1200,242,200,0000,000000,000000,000,000,000,00
001-0000,001-1270-243-0000-000000-000-00-000,DENTAL INSURANCE,561.84,0.00,561.84,284.15,0,0.00,0,277.69,50.5748967700,001,1270,1000,1200,243,200,0000,000000,000000,000,000,000,00
001-0000,001-1270-244-0000-000000-000-00-000,VIISON INSURANCE,95.82,0.00,95.82,48.47,0,0.00,0,47.35,50.5844291400,001,1270,1000,1200,244,200,0000,000000,000000,000,000,000,00
001-0000,001-1270-249-0000-000000-000-00-000,MEDICARE,3310.39,0.00,3310.39,3310.39,0,0.00,0,0.00,100,001,1270,1000,1200,249,200,0000,000000,000000,000,000,000,00
001-0000,001-1290-471-0000-000000-001-00-000,"JUV DET, OPP SCHOOL, OTHER",90137.98,7553.87,97691.85,4950.00,0,93203.87,-500.00,-462.02,100.4729360700,001,1290,1000,1200,471,400,0000,000000,000000,001,000,000,00
001-0000,001-1290-474-0000-000000-000-00-000,EXCESS COST/ONLINE TUITION,99220.56,0.00,99220.56,0,0,0.00,0,99220.56,0,001,1290,1000,1200,474,400,0000,000000,000000,000,000,000,00
001-0000,001-1290-475-0000-000000-001-00-000,OT/PT COSTS DISTRICT STUDENTS,161642.29,10717.00,172359.29,54209.24,0,117407.76,0,742.29,99.5693356600,001,1290,1000,1200,475,400,0000,000000,000000,001,000,000,00
001-0000,001-1290-844-0000-000000-000-00-000,COUNTY ESC DEDUCTION,867150.46,0.00,867150.46,542291.12,81437.52,0.00,0,324859.34,62.5371426300,001,1290,1000,1200,844,800,0000,000000,000000,000,000,000,00
001-0000,001-1310-111-0000-000000-002-16-000,CAREER TECH SALARIES,262260.96,0.00,262260.96,176278.31,19770.95,0.00,0,85982.65,67.2148496700,001,1310,1000,1300,111,100,0000,000000,000000,002,000,000,16
001-0000,001-1310-211-0000-000000-000-00-000,CAREER TECH STRS,31392.00,0.00,31392.00,22024.00,2753.00,0.00,0,9368.00,70.1580020400,001,1310,1000,1300,211,200,0000,000000,000000,000,000,000,00
001-0000,001-1310-212-0000-000000-002-00-000,CAREER TECH 1% STRS,2273.73,0.00,2273.73,1383.24,197.72,0.00,0,890.49,60.8357192800,001,1310,1000,1300,212,200,0000,000000,000000,002,000,000,00
001-0000,001-1310-241-0000-000000-000-00-000,CAREER TECH MEDICAL INSURANCE,44982.42,0.00,44982.42,39495.07,5171.29,0.00,0,5487.35,87.8011231900,001,1310,1000,1300,241,200,0000,000000,000000,000,000,000,00
001-0000,001-1310-242-0000-000000-000-00-000,CAREER TECH LIFE INSURANCE,117.50,0.00,117.50,77.50,10.00,0.00,0,40.00,65.9574468100,001,1310,1000,1300,242,200,0000,000000,000000,000,000,000,00
001-0000,001-1310-243-0000-000000-000-00-000,CAREER TECH DENTAL INSURANCE,2247.36,0.00,2247.36,374.56,0,0.00,0,1872.80,16.6666666700,001,1310,1000,1300,243,200,0000,000000,000000,000,000,000,00
001-0000,001-1310-244-0000-000000-000-00-000,CAREER TECH VISION INSURANCE,383.28,0.00,383.28,297.71,38.80,0.00,0,85.57,77.6742851200,001,1310,1000,1300,244,200,0000,000000,000000,000,000,000,00
001-0000,001-1310-249-0000-000000-002-00-000,CAREER TECH MEDICARE,3493.02,0.00,3493.02,2310.35,253.01,0.00,141.50,1182.67,66.1419058600,001,1310,1000,1300,249,200,0000,000000,000000,002,000,000,00
001-0000,001-1310-431-0000-000000-000-00-000,CAREER TECH MILEAGE,600.00,0.00,600.00,0,0,0.00,0,600.00,0,001,1310,1000,1300,431,400,0000,000000,000000,000,000,000,00
001-0000,001-1310-432-0000-000000-000-00-000,CAREER TECH MEETING/CONF EXPENSE,2370.04,0.00,2370.04,0,0,1450.00,0,920.04,61.1804020200,001,1310,1000,1300,432,400,0000,000000,000000,000,000,000,00
001-0000,001-1310-511-0000-000000-002-16-000,CAREER TECH SUPPLIES,21432.41,283.49,21715.90,8890.89,759.32,2764.28,0,10060.73,53.6711349700,001,1310,1000,1300,511,500,0000,000000,000000,002,000,000,16
001-0000,001-1310-521-0000-000000-002-16-000,CAREER TECH TEXTBOOKS,171.94,0.00,171.94,0,0,0.00,0,171.94,0,001,1310,1000,1300,521,500,0000,000000,000000,002,000,000,16
001-0000,001-2122-111-0000-000000-000-00-000,GUIDANCE SALARY,174918.10,0.00,174918.10,123043.29,14322.29,0.00,0,51874.81,70.3433721300,001,2122,2000,2100,111,100,0000,000000,000000,000,000,000,00
001-0000,001-2122-139-0000-000000-000-00-000,GENERAL COUNSELING SERVICES OTHER CERFITICATED COMPENSA.,200.00,0.00,200.00,0,0,0.00,0,200.00,0,001,2122,2000,2100,139,100,0000,000000,000000,000,000,000,00
001-0000,001-2122-211-0000-000000-000-00-000,GUIDANCE STRS,22920.00,0.00,22920.00,16264.00,2033.00,0.00,0,6656.00,70.9598603800,001,2122,2000,2100,211,200,0000,000000,000000,000,000,000,00
001-0000,001-2122-212-0000-000000-000-00-000,GUIDANCE 1% STRS,1749.23,0.00,1749.23,1230.46,143.23,0.00,0,518.77,70.3429509000,001,2122,2000,2100,212,200,0000,000000,000000,000,000,000,00
001-0000,001-2122-241-0000-000000-000-00-000,GUIDANCE MEDICAL INSURANCE,44982.85,0.00,44982.85,33805.90,4349.00,0.00,0,11176.95,75.1528638100,001,2122,2000,2100,241,200,0000,000000,000000,000,000,000,00
001-0000,001-2122-242-0000-000000-000-00-000,GUIDANCE LIFE INSURANCE,65.00,0.00,65.00,40.00,5.00,0.00,0,25.00,61.5384615400,001,2122,2000,2100,242,200,0000,000000,000000,000,000,000,00
001-0000,001-2122-243-0000-000000-000-00-000,GUIDANCE DENTAL INSURANCE,2247.36,0.00,2247.36,1498.24,187.28,0.00,0,749.12,66.6666666700,001,2122,2000,2100,243,200,0000,000000,000000,000,000,000,00
001-0000,001-2122-244-0000-000000-000-00-000,GUIDANCE VISION INSURANCE,383.28,0.00,383.28,255.52,31.94,0.00,0,127.76,66.6666666700,001,2122,2000,2100,244,200,0000,000000,000000,000,000,000,00
001-0000,001-2122-249-0000-000000-000-00-000,GUIDANCE MEDICARE,2286.18,0.00,2286.18,1577.28,181.48,0.00,88.69,708.90,68.9919428900,001,2122,2000,2100,249,200,0000,000000,000000,000,000,000,00
001-0000,001-2122-431-0000-000000-000-00-000,GUIDANCE MILEAGE,560.00,0.00,560.00,0,0,0.00,0,560.00,0,001,2122,2000,2100,431,400,0000,000000,000000,000,000,000,00
001-0000,001-2122-432-0000-000000-000-00-000,GUIDANCE MEETING/MEALS/HOTEL,335.00,0.00,335.00,0,0,0.00,0,335.00,0,001,2122,2000,2100,432,400,0000,000000,000000,000,000,000,00
001-0000,001-2122-511-0000-000000-000-00-000,GUIDANCE INSTRUCTIONAL SUPPLIES,5735.00,0.00,5735.00,321.25,0,1053.75,0,4360.00,23.9755884900,001,2122,2000,2100,511,500,0000,000000,000000,000,000,000,00
001-0000,001-2122-512-0000-000000-000-00-000,GUIDANCE OFFICE SUPPLIES,4112.00,0.00,4112.00,2675.20,0,0.00,0,1436.80,65.0583657600,001,2122,2000,2100,512,500,0000,000000,000000,000,000,000,00
001-0000,001-2134-141-0000-000000-001-00-000,SCHOOL NURSE SALARY,45336.55,0.00,45336.55,31893.50,3554.35,0.00,0,13443.05,70.3483172000,001,2134,2000,2100,141,100,0000,000000,000000,001,000,000,00
001-0000,001-2134-221-0000-000000-000-00-000,SCHOOL NURSE SERS,6744.00,0.00,6744.00,3712.00,464.00,464.00,0,2568.00,61.9217081900,001,2134,2000,2100,221,200,0000,000000,000000,000,000,000,00
001-0000,001-2134-252-0000-000000-001-00-000,SCHOOL NURSE LIFE INSURANCE,32.50,0.00,32.50,20.00,2.50,0.00,0,12.50,61.5384615400,001,2134,2000,2100,252,200,0000,000000,000000,001,000,000,00
001-0000,001-2134-259-0000-000000-001-00-000,SCHOOL NURSE MEDICARE,657.44,0.00,657.44,462.48,51.54,0.00,27.55,194.96,70.3455828700,001,2134,2000,2100,259,200,0000,000000,000000,001,000,000,00
001-0000,001-2134-514-0000-000000-001-00-000,SCHOOL NURSE SUPPLIES,4520.36,0.00,4520.36,1419.00,0,85.00,0,3016.36,33.2716863300,001,2134,2000,2100,514,500,0000,000000,000000,001,000,000,00
001-0000,001-2134-640-0000-000000-001-00-000,MEDICAL EQUIPMENT,8895.63,3620.00,12515.63,3620.00,0,0.00,0,8895.63,28.9238336400,001,2134,2000,2100,640,600,0000,000000,000000,001,000,000,00
001-0000,001-2222-530-0000-000000-000-00-000,LIBRARY BOOKS,176.41,0.00,176.41,0,0,0.00,0,176.41,0,001,2222,2000,2200,530,500,0000,000000,000000,000,000,000,00
001-0000,001-2310-171-0000-000000-000-00-000,BOARD OF EDUC SALARIES,8125.00,0.00,8125.00,8125.00,0,0.00,0,0.00,100,001,2310,2000,2300,171,100,0000,000000,000000,000,000,000,00
001-0000,001-2310-233-0000-000000-000-00-000,BOARD OF EDUCATION MTG EXP,85.00,0.00,85.00,0,0,0.00,0,85.00,0,001,2310,2000,2300,233,200,0000,000000,000000,000,000,000,00
001-0000,001-2310-234-0000-000000-000-00-000,BOARD OF EDUC AWARDS,8231.00,0.00,8231.00,6860.00,0,0.00,0,1371.00,83.3434576600,001,2310,2000,2300,234,200,0000,000000,000000,000,000,000,00
001-0000,001-2310-259-0000-000000-000-00-000,BOARD OF EDUC MEDICARE,94.24,0.00,94.24,94.24,0,0.00,0,0.00,100,001,2310,2000,2300,259,200,0000,000000,000000,000,000,000,00
001-0000,001-2310-418-0000-000000-000-00-000,PROFESSIONAL/LEGAL SERVICES,54465.00,0.00,54465.00,16152.96,7469.96,38147.04,-250.00,165.00,99.6970531500,001,2310,2000,2300,418,400,0000,000000,000000,000,000,000,00
001-0000,001-2310-439-0000-000000-000-00-000,BOARD OF EDUC SERVICE FUND,3989.00,0.00,3989.00,3538.03,44.28,400.00,-225.00,50.97,98.7222361500,001,2310,2000,2300,439,400,0000,000000,000000,000,000,000,00
001-0000,001-2310-519-0000-000000-000-00-000,BOARD OF EDUC GENERAL SUPPLIES,292.00,223.98,515.98,475.49,0,8.49,0,32.00,93.7982092300,001,2310,2000,2300,519,500,0000,000000,000000,000,000,000,00
001-0000,001-2310-841-0000-000000-000-00-000,BOARD OF EDUC MEMBERSHIP PROFESSIONAL ORG,5016.00,0.00,5016.00,150.00,0,0.00,0,4866.00,2.9904306200,001,2310,2000,2300,841,800,0000,000000,000000,000,000,000,00
001-0000,001-2411-111-0000-000000-006-00-000,SUPT SALARY,93260.66,0.00,93260.66,58483.29,7916.66,0.00,0,34777.37,62.7094961600,001,2411,2000,2400,111,100,0000,000000,000000,006,000,000,00
001-0000,001-2411-132-0000-000000-000-00-000,SUPT SEVERANCE PAY,0.00,0.00,0.00,0,0,0.00,0,0.00,0,001,2411,2000,2400,132,100,0000,000000,000000,000,000,000,00
001-0000,001-2411-141-0000-000000-006-00-000,SUPT SECRETARY SALARY,58706.65,0.00,58706.65,39038.60,4639.62,0.00,0,19668.05,66.4977477000,001,2411,2000,2400,141,100,0000,000000,000000,006,000,000,00
001-0000,001-2411-211-0000-000000-006-00-000,SUPT STRS,17844.00,0.00,17844.00,14008.00,1751.00,0.00,0,3836.00,78.5025779000,001,2411,2000,2400,211,200,0000,000000,000000,006,000,000,00
001-0000,001-2411-212-0000-000000-006-00-000,SUPT STRS PICKUP,13849.29,0.00,13849.29,9114.49,1263.50,0.00,0,4734.80,65.8119658100,001,2411,2000,2400,212,200,0000,000000,000000,006,000,000,00
001-0000,001-2411-221-0000-000000-006-00-000,SUPT SECRETARY SERS,7428.00,0.00,7428.00,4912.00,614.00,938.77,0,1577.23,78.7664243400,001,2411,2000,2400,221,200,0000,000000,000000,006,000,000,00
001-0000,001-2411-222-0000-000000-006-00-000,SUPT SECRETARY SERS PICK UP,566.98,0.00,566.98,390.41,46.40,0.00,0,176.57,68.8578080400,001,2411,2000,2400,222,200,0000,000000,000000,006,000,000,00
001-0000,001-2411-241-0000-000000-006-00-000,SUPT MEDICAL INSURANCE,18148.76,0.00,18148.76,17456.50,2499.42,0.00,0,692.26,96.1856347200,001,2411,2000,2400,241,200,0000,000000,000000,006,000,000,00
001-0000,001-2411-242-0000-000000-006-00-000,SUPT LIFE INSURANCE,110.00,0.00,110.00,70.00,10.00,0.00,0,40.00,63.6363636400,001,2411,2000,2400,242,200,0000,000000,000000,006,000,000,00
001-0000,001-2411-243-0000-000000-006-00-000,SUPT DENTAL INSURANCE,538.15,0.00,538.15,645.78,107.63,0.00,0,-107.63,120.0,001,2411,2000,2400,243,200,0000,000000,000000,006,000,000,00
001-0000,001-2411-244-0000-000000-006-00-000,SUPT VISION INSURANCE,91.80,0.00,91.80,110.16,18.36,0.00,0,-18.36,120.0,001,2411,2000,2400,244,200,0000,000000,000000,006,000,000,00
001-0000,001-2411-249-0000-000000-006-00-000,SUPT MEDICARE,2389.92,0.00,2389.92,997.61,232.96,0.00,116.48,1392.31,41.7424014200,001,2411,2000,2400,249,200,0000,000000,000000,006,000,000,00
001-0000,001-2411-251-0000-000000-006-00-000,SUPT SECRETARY MEDICAL INSURANCE,22490.71,0.00,22490.71,16902.95,2174.50,0.00,0,5587.76,75.1552529900,001,2411,2000,2400,251,200,0000,000000,000000,006,000,000,00
001-0000,001-2411-252-0000-000000-006-00-000,SUPT SECRETARY LIFE INSURANCE,32.50,0.00,32.50,20.00,2.50,0.00,0,12.50,61.5384615400,001,2411,2000,2400,252,200,0000,000000,000000,006,000,000,00
001-0000,001-2411-253-0000-000000-006-00-000,SUPT SECRETARY DENTAL INSURANCE,1123.68,0.00,1123.68,749.12,93.64,0.00,0,374.56,66.6666666700,001,2411,2000,2400,253,200,0000,000000,000000,006,000,000,00
001-0000,001-2411-254-0000-000000-006-00-000,SUPT SECT VISION INSURANCE,191.64,0.00,191.64,127.76,15.97,0.00,0,63.88,66.6666666700,001,2411,2000,2400,254,200,0000,000000,000000,006,000,000,00
001-0000,001-2411-259-0000-000000-006-00-000,SUPT SECRETARY MEDICARE,789.67,0.00,789.67,491.64,61.46,0.00,30.73,298.03,62.2589182800,001,2411,2000,2400,259,200,0000,000000,000000,006,000,000,00
001-0000,001-2411-419-0000-000000-000-00-000,COMMUNICATION SERVICES,60000.00,0.00,60000.00,26664.25,4406.25,33335.75,0,0.00,100,001,2411,2000,2400,419,400,0000,000000,000000,000,000,000,00
001-0000,001-2411-431-0000-000000-006-00-000,SUPT MILEAGE,1733.00,0.00,1733.00,1037.40,0,12.60,0,683.00,60.5885747300,001,2411,2000,2400,431,400,0000,000000,000000,006,000,000,00
001-0000,001-2411-432-0000-000000-006-00-000,SUPT MTG/CONF EXP,2257.50,170.00,2427.50,1238.05,200.00,554.00,0,635.45,73.8228630300,001,2411,2000,2400,432,400,0000,000000,000000,006,000,000,00
001-0000,001-2411-441-0000-000000-006-00-000,SUPT TELEPHONE,964.21,0.00,964.21,289.28,38.14,410.72,0,264.21,72.5982929000,001,2411,2000,2400,441,400,0000,000000,000000,006,000,000,00
001-0000,001-2411-446-0000-000000-006-00-000,SUPT ADVERTISING,75.00,75.00,150.00,0,0,75.00,0,75.00,50.0,001,2411,2000,2400,446,400,0000,000000,000000,006,000,000,00
001-0000,001-2411-512-0000-000000-006-00-000,SUPT OFFICE SUPPLIES,946.74,0.00,946.74,486.20,0,915.23,-64.50,-454.69,148.0269134100,001,2411,2000,2400,512,500,0000,000000,000000,006,000,000,00
001-0000,001-2411-849-0000-000000-006-00-000,SUPT DUES & FEES,11446.13,0.00,11446.13,6630.08,0,64.92,0,4751.13,58.4913853000,001,2411,2000,2400,849,800,0000,000000,000000,006,000,000,00
001-0000,001-2415-111-0000-000000-000-00-000,ATHLETIC DIRECTOR,91113.48,0.00,91113.48,62616.44,7624.26,0.00,0,28497.04,68.7235741600,001,2415,2000,2400,111,100,0000,000000,000000,000,000,000,00
001-0000,001-2415-139-0000-000000-000-00-000,AD PERSONAL DAYS,300.00,0.00,300.00,300.00,0,0.00,0,0.00,100,001,2415,2000,2400,139,100,0000,000000,000000,000,000,000,00
001-0000,001-2415-211-0000-000000-000-00-000,AD STRS,13200.00,0.00,13200.00,8712.00,1089.00,0.00,0,4488.00,66.00,001,2415,2000,2400,211,200,0000,000000,000000,000,000,000,00
001-0000,001-2415-212-0000-000000-000-00-000,AD STRS EMPLOYER PICKUP,965.10,0.00,965.10,1457.44,610.94,0.00,0,-492.34,151.0144026500,001,2415,2000,2400,212,200,0000,000000,000000,000,000,000,00
001-0000,001-2415-241-0000-000000-000-00-000,AD HEALTH INSURANCE,23265.97,0.00,23265.97,17566.63,2263.96,0.00,0,5699.34,75.5035358500,001,2415,2000,2400,241,200,0000,000000,000000,000,000,000,00
001-0000,001-2415-242-0000-000000-000-00-000,AD LIFE INSURANCE,140.00,0.00,140.00,80.00,10.00,0.00,0,60.00,57.1428571400,001,2415,2000,2400,242,200,0000,000000,000000,000,000,000,00
001-0000,001-2415-243-0000-000000-000-00-000,AD DENTAL INSURANCE,1162.44,0.00,1162.44,778.68,97.49,0.00,0,383.76,66.9866831800,001,2415,2000,2400,243,200,0000,000000,000000,000,000,000,00
001-0000,001-2415-244-0000-000000-000-00-000,AD VISION INSURANCE,198.24,0.00,198.24,132.82,16.63,0.00,0,65.42,66.9995964500,001,2415,2000,2400,244,200,0000,000000,000000,000,000,000,00
001-0000,001-2415-249-0000-000000-000-00-000,AD MEDICARE,1241.83,0.00,1241.83,1015.44,208.50,0.00,104.25,226.39,81.7696464100,001,2415,2000,2400,249,200,0000,000000,000000,000,000,000,00
001-0000,001-2421-111-0000-000000-000-00-000,PRINCIPAL SALARY,371198.52,0.00,371198.52,256677.08,30905.36,0.00,0,114521.44,69.1481959600,001,2421,2000,2400,111,100,0000,000000,000000,000,000,000,00
001-0000,001-2421-139-0000-000000-000-00-000,PRINCIPAL PERSONAL DAYS,200.00,0.00,200.00,200.00,0,0.00,0,0.00,100,001,2421,2000,2400,139,100,0000,000000,000000,000,000,000,00
001-0000,001-2421-141-0000-000000-000-00-000,SECRETARY SALARY,125828.68,0.00,125828.68,92281.24,10463.82,0.00,0,33547.44,73.3387968500,001,2421,2000,2400,141,100,0000,000000,000000,000,000,000,00
001-0000,001-2421-169-0000-000000-000-00-000,SECRETARY OPT OUT,1700.00,0.00,1700.00,1700.00,0,0.00,0,0.00,100,001,2421,2000,2400,169,100,0000,000000,000000,000,000,000,00
001-0000,001-2421-211-0000-000000-000-00-000,PRINCIPAL STRS,39972.00,0.00,39972.00,30056.00,3757.00,0.00,0,9916.00,75.1926348400,001,2421,2000,2400,211,200,0000,000000,000000,000,000,000,00
001-0000,001-2421-212-0000-000000-000-00-000,PRINCIPAL STRS PICK-UP,41080.63,0.00,41080.63,28423.11,3411.68,0.00,0,12657.52,69.1885932600,001,2421,2000,2400,212,200,0000,000000,000000,000,000,000,00
001-0000,001-2421-221-0000-000000-000-00-000,SECRETARY SERS,13956.00,0.00,13956.00,9384.00,1173.00,1908.78,0,2663.22,80.9170249400,001,2421,2000,2400,221,200,0000,000000,000000,000,000,000,00
001-0000,001-2421-239-0000-000000-000-00-000,LICENSE RENEWAL REIMBURSEMENT,2732.00,0.00,2732.00,3139.00,0,0.00,0,-407.00,114.8975109800,001,2421,2000,2400,239,200,0000,000000,000000,000,000,000,00
001-0000,001-2421-241-0000-000000-000-00-000,PRINCIPAL MEDICAL INSURANCE,59409.06,0.00,59409.06,47863.18,6157.41,0.00,0,11545.88,80.5654558400,001,2421,2000,2400,241,200,0000,000000,000000,000,000,000,00
001-0000,001-2421-242-0000-000000-000-00-000,PRINCIPAL LIFE INSURANCE,390.00,0.00,390.00,240.00,30.00,0.00,0,150.00,61.5384615400,001,2421,2000,2400,242,200,0000,000000,000000,000,000,000,00
001-0000,001-2421-243-0000-000000-000-00-000,PRINCIPAL DENTAL INSURANCE,3846.23,0.00,3846.23,2597.70,324.82,0.00,0,1248.53,67.5388627300,001,2421,2000,2400,243,200,0000,000000,000000,000,000,000,00
001-0000,001-2421-244-0000-000000-000-00-000,PRINCIPAL VISION INSURANCE,664.30,0.00,664.30,450.34,56.31,0.00,0,213.96,67.7916603900,001,2421,2000,2400,244,200,0000,000000,000000,000,000,000,00
001-0000,001-2421-249-0000-000000-000-00-000,PRINCIPAL MEDICARE,10246.68,0.00,10246.68,6862.25,842.78,0.00,421.39,3384.43,66.9704723900,001,2421,2000,2400,249,200,0000,000000,000000,000,000,000,00
001-0000,001-2421-251-0000-000000-000-00-000,SECRETARY MEDICAL INSURANCE,33890.71,0.00,33890.71,44148.34,5958.28,0.00,0,-10257.63,130.2667899300,001,2421,2000,2400,251,200,0000,000000,000000,000,000,000,00
001-0000,001-2421-252-0000-000000-000-00-000,SECRETARY LIFE INSURANCE,117.50,0.00,117.50,77.50,10.00,0.00,0,40.00,65.9574468100,001,2421,2000,2400,252,200,0000,000000,000000,000,000,000,00
001-0000,001-2421-253-0000-000000-000-00-000,SECRETARY DENTAL INSURANCE,2938.00,0.00,2938.00,1915.96,252.99,0.00,0,1022.04,65.2130701200,001,2421,2000,2400,253,200,0000,000000,000000,000,000,000,00
001-0000,001-2421-254-0000-000000-000-00-000,SECRETARY VISION INSURANCE,501.04,0.00,501.04,326.76,43.15,0.00,0,174.28,65.2163499900,001,2421,2000,2400,254,200,0000,000000,000000,000,000,000,00
001-0000,001-2421-259-0000-000000-000-00-000,SECRETARY MEDICARE,1649.99,0.00,1649.99,1191.86,134.03,0.00,66.95,458.13,72.2343771800,001,2421,2000,2400,259,200,0000,000000,000000,000,000,000,00
001-0000,001-2421-431-0000-000000-000-00-000,PRINCIPAL MILEAGE,3280.00,0.00,3280.00,711.70,0,1453.30,0,1115.00,66.0060975600,001,2421,2000,2400,431,400,0000,000000,000000,000,000,000,00
001-0000,001-2421-432-0000-000000-000-00-000,PRINCIPAL MEETING/CONFERENCE EXPENSE,1074.00,0.00,1074.00,792.96,0,0.00,0,281.04,73.8324022300,001,2421,2000,2400,432,400,0000,000000,000000,000,000,000,00
001-0000,001-2421-441-0000-000000-000-00-000,PRINCIPAL TELEPHONE,5500.00,0.00,5500.00,3601.34,442.52,1898.66,0,0.00,100,001,2421,2000,2400,441,400,0000,000000,000000,000,000,000,00
001-0000,001-2421-512-0000-000000-000-00-000,PRINCIPAL OFFICE SUPPLIES,7910.58,0.00,7910.58,4099.47,0,2001.80,528.97,1809.31,77.1279729200,001,2421,2000,2400,512,500,0000,000000,000000,000,000,000,00
001-0000,001-2421-640-0000-000000-000-00-000,OFFICE EQUIPMENT,937.00,0.00,937.00,105.00,0,0.00,0,832.00,11.2059765200,001,2421,2000,2400,640,600,0000,000000,000000,000,000,000,00
001-0000,001-2421-849-0000-000000-000-00-000,PRINCIPAL PROF ORGANIZATION DUES,362.96,0.00,362.96,0,0,362.96,0,0.00,100,001,2421,2000,2400,849,800,0000,000000,000000,000,000,000,00
001-0000,001-2424-419-0000-000000-000-00-000,SRO SERVICES,97364.99,0.00,97364.99,97364.99,0,0.00,0,0.00,100,001,2424,2000,2400,419,400,0000,000000,000000,000,000,000,00
001-0000,001-2424-449-0000-000000-000-00-000,RADIO SERVICES,60.00,0.00,60.00,0,0,0.00,0,60.00,0,001,2424,2000,2400,449,400,0000,000000,000000,000,000,000,00
001-0000,001-2424-519-0000-000000-000-00-000,OTHER SUPPLIES,2300.00,0.00,2300.00,1182.18,0,100.11,0,1017.71,55.7517391300,001,2424,2000,2400,519,500,0000,000000,000000,000,000,000,00
001-0000,001-2424-840-0000-000000-000-00-000,SRO DUES,55.00,0.00,55.00,0,0,0.00,0,55.00,0,001,2424,2000,2400,840,800,0000,000000,000000,000,000,000,00
001-0000,001-2429-431-0000-000000-000-00-000,OTHER ADMIN MILEAGE,500.00,0.00,500.00,0,0,0.00,0,500.00,0,001,2429,2000,2400,431,400,0000,000000,000000,000,000,000,00
001-0000,001-2429-432-0000-000000-000-00-000,OTHER ADMIN HOTEL/MEALS,1500.00,0.00,1500.00,0,0,0.00,0,1500.00,0,001,2429,2000,2400,432,400,0000,000000,000000,000,000,000,00
001-0000,001-2429-841-0000-000000-000-00-000,OTHER ADMIN PROFESSIONAL MEMBERSHIPS,500.00,0.00,500.00,0,0,0.00,0,500.00,0,001,2429,2000,2400,841,800,0000,000000,000000,000,000,000,00
001-0000,001-2510-141-0000-000000-006-00-000,TREASURER SALARY,168813.45,0.00,168813.45,80311.32,11661.98,0.00,0,88502.13,47.5740055100,001,2510,2000,2500,141,100,0000,000000,000000,006,000,000,00
001-0000,001-2510-221-0000-000000-006-00-000,TREASURER SERS,21516.00,0.00,21516.00,14344.00,1793.00,2972.81,0,4199.19,80.4834077000,001,2510,2000,2500,221,200,0000,000000,000000,006,000,000,00
001-0000,001-2510-222-0000-000000-006-00-000,TREASURER SERS PICKUP,12217.92,0.00,12217.92,8348.16,1022.44,0.00,0,3869.76,68.3271784400,001,2510,2000,2500,222,200,0000,000000,000000,006,000,000,00
001-0000,001-2510-251-0000-000000-006-00-000,TREASURER MEDICAL INSURANCE,25851.32,0.00,25851.32,19428.66,2499.42,0.00,0,6422.66,75.1553885800,001,2510,2000,2500,251,200,0000,000000,000000,006,000,000,00
001-0000,001-2510-252-0000-000000-006-00-000,TREASURER LIFE INSURANCE,155.00,0.00,155.00,100.00,12.50,0.00,0,55.00,64.5161290300,001,2510,2000,2500,252,200,0000,000000,000000,006,000,000,00
001-0000,001-2510-253-0000-000000-006-00-000,TREASURER DENTAL INSURANCE,1291.56,0.00,1291.56,861.04,107.63,0.00,0,430.52,66.6666666700,001,2510,2000,2500,253,200,0000,000000,000000,006,000,000,00
001-0000,001-2510-254-0000-000000-006-00-000,TREASURER VISION INSURANCE,220.32,0.00,220.32,146.88,18.36,0.00,0,73.44,66.6666666700,001,2510,2000,2500,254,200,0000,000000,000000,006,000,000,00
001-0000,001-2510-259-0000-000000-006-00-000,TREASURER MEDICARE,3826.97,0.00,3826.97,2250.41,321.59,0.00,233.46,1576.56,58.8039624000,001,2510,2000,2500,259,200,0000,000000,000000,006,000,000,00
001-0000,001-2510-415-0000-000000-000-00-000,ASST/INTERIM TREASURER SERVICES,50000.00,0.00,50000.00,28209.31,13092.82,40290.69,-5375.00,-18500.00,137.00,001,2510,2000,2500,415,400,0000,000000,000000,000,000,000,00
001-0000,001-2510-416-0000-000000-006-00-000,TREASURER DATA PROCESSING SERVICES,8200.00,0.00,8200.00,3675.00,225.00,4334.50,0,190.50,97.6768292700,001,2510,2000,2500,416,400,0000,000000,000000,006,000,000,00
001-0000,001-2510-433-0000-000000-006-00-000,TREASURER MILEAGE,3500.00,0.00,3500.00,0,0,2000.00,0,1500.00,57.1428571400,001,2510,2000,2500,433,400,0000,000000,000000,006,000,000,00
001-0000,001-2510-434-0000-000000-006-00-000,TREASURER MTG/CNFR EXP,2493.88,841.53,3335.41,1713.14,0,1104.51,0,517.76,84.4768709100,001,2510,2000,2500,434,400,0000,000000,000000,006,000,000,00
001-0000,001-2510-512-0000-000000-006-00-000,TREASURER SUPPLIES,1044.08,0.00,1044.08,550.12,251.12,1228.28,-79.00,-734.32,170.3317753400,001,2510,2000,2500,512,500,0000,000000,000000,006,000,000,00
001-0000,001-2510-516-0000-000000-006-00-000,TREASURER SOFTWARE,1183.45,0.00,1183.45,68.50,68.50,0.00,0,1114.95,5.7881617300,001,2510,2000,2500,516,500,0000,000000,000000,006,000,000,00
001-0000,001-2510-849-0000-000000-006-00-000,TREASURER PROF. DUES,60.00,0.00,60.00,0,0,60.00,-30.00,0.00,100,001,2510,2000,2500,849,800,0000,000000,000000,006,000,000,00
001-0000,001-2530-849-0000-000000-000-00-000,DUES/FEES/MEDICAID PROCESSING,6395.89,0.00,6395.89,1520.56,250.31,3979.44,0,895.89,85.9927234500,001,2530,2000,2500,849,800,0000,000000,000000,000,000,000,00
001-0000,001-2550-419-0000-000000-001-00-000,FINANCIAL SERVICES,5700.00,0.00,5700.00,5676.42,250.46,749.54,0,-725.96,112.7361403500,001,2550,2000,2500,419,400,0000,000000,000000,001,000,000,00
001-0000,001-2560-843-0000-000000-001-00-000,STATE EXAMINERS FEES,16031.00,0.00,16031.00,0,0,15000.00,0,1031.00,93.5687106200,001,2560,2000,2500,843,800,0000,000000,000000,001,000,000,00
001-0000,001-2590-845-0000-000000-000-00-000,AUDITOR/TREASURER FEES,91462.64,0.00,91462.64,41905.36,0,150.00,0,49407.28,45.9809163600,001,2590,2000,2500,845,800,0000,000000,000000,000,000,000,00
001-0000,001-2590-849-0000-000000-000-00-000,INCOME TAX ADMIN. FEES,127433.37,0.00,127433.37,51339.62,0,0.00,0,76093.75,40.2874223600,001,2590,2000,2500,849,800,0000,000000,000000,000,000,000,00
001-0000,001-2690-443-0000-000000-000-00-000,POSTAGE,13326.25,0.00,13326.25,1306.16,0,11508.84,0,511.25,96.1635869100,001,2690,2000,2600,443,400,0000,000000,000000,000,000,000,00
001-0000,001-2700-141-0000-000000-000-00-000,MAINTENANCE SALARY,509408.50,0.00,509408.50,358978.12,44322.46,0.00,0,150430.38,70.4695975800,001,2700,2000,2700,141,100,0000,000000,000000,000,000,000,00
001-0000,001-2700-142-0000-000000-000-00-000,MAINTENANCE SUBSTITUTE SALARY,24942.26,0.00,24942.26,24144.36,0,0.00,0,797.90,96.8010116200,001,2700,2000,2700,142,100,0000,000000,000000,000,000,000,00
001-0000,001-2700-144-0000-000000-000-00-000,MAINTENANCE OVERTIME,3189.18,0.00,3189.18,4831.64,1687.03,0.00,0,-1642.46,151.5010128000,001,2700,2000,2700,144,100,0000,000000,000000,000,000,000,00
001-0000,001-2700-169-0000-000000-000-00-000,MAINTENANCE OPT OUT,1501.00,0.00,1501.00,1501.00,0,0.00,0,0.00,100,001,2700,2000,2700,169,100,0000,000000,000000,000,000,000,00
001-0000,001-2700-221-0000-000000-000-00-000,MAINTENANCE SERS,160410.33,0.00,160410.33,108103.41,5483.00,8794.11,0,43512.81,72.8740599200,001,2700,2000,2700,221,200,0000,000000,000000,000,000,000,00
001-0000,001-2700-222-0000-000000-000-00-000,MAINTENANCE SUPERVISOR SERS PICKUP,6060.25,0.00,6060.25,4188.74,507.00,0.00,0,1871.51,69.1182707000,001,2700,2000,2700,222,200,0000,000000,000000,000,000,000,00
001-0000,001-2700-251-0000-000000-000-00-000,MAINTENANCE MEDICAL INSURANCE,116706.84,0.00,116706.84,104951.35,14136.77,0.00,0,11755.49,89.9273341600,001,2700,2000,2700,251,200,0000,000000,000000,000,000,000,00
001-0000,001-2700-252-0000-000000-000-00-000,MAINTENANCE LIFE INSURANCE,367.75,0.00,367.75,227.48,29.06,0.00,0,140.27,61.8572399700,001,2700,2000,2700,252,200,0000,000000,000000,000,000,000,00
001-0000,001-2700-253-0000-000000-000-00-000,MAINTENANCE DENTAL INSURANCE,7889.46,0.00,7889.46,5245.65,653.19,0.00,0,2643.81,66.4893414800,001,2700,2000,2700,253,200,0000,000000,000000,000,000,000,00
001-0000,001-2700-254-0000-000000-000-00-000,MAINTENANCE VISION INSURANCE,1038.76,0.00,1038.76,758.79,92.90,0.00,0,279.97,73.0476722200,001,2700,2000,2700,254,200,0000,000000,000000,000,000,000,00
001-0000,001-2700-259-0000-000000-000-00-000,MAINTENANCE MEDICARE,8398.33,0.00,8398.33,5850.37,719.05,0.00,349.56,2547.96,69.6611112000,001,2700,2000,2700,259,200,0000,000000,000000,000,000,000,00
001-0000,001-2700-423-0000-000000-000-00-000,REPAIRS/MAINTENANCE SERVICES,111682.06,17342.00,129024.06,78910.72,2591.80,48795.34,-44.00,1318.00,98.9784851000,001,2700,2000,2700,423,400,0000,000000,000000,000,000,000,00
001-0000,001-2700-424-0000-000000-000-00-000,PROPERTY INSURANCE,63084.00,0.00,63084.00,63084.00,0,0.00,0,0.00,100,001,2700,2000,2700,424,400,0000,000000,000000,000,000,000,00
001-0000,001-2700-425-0000-000000-000-00-000,RENTALS,27547.49,8500.00,36047.49,1562.00,0,6938.00,0,27547.49,23.5800051500,001,2700,2000,2700,425,400,0000,000000,000000,000,000,000,00
001-0000,001-2700-433-0000-000000-000-00-000,MILEAGE,200.00,0.00,200.00,42.00,0,158.00,0,0.00,100,001,2700,2000,2700,433,400,0000,000000,000000,000,000,000,00
001-0000,001-2700-439-0000-000000-000-00-000,TRAVEL/MEETING EXPENSES,100.00,0.00,100.00,0,0,100.00,0,0.00,100,001,2700,2000,2700,439,400,0000,000000,000000,000,000,000,00
001-0000,001-2700-451-0000-000000-000-00-000,ELECTRICITY,186000.00,0.00,186000.00,114423.70,1262.72,71576.30,-17404.14,0.00,100,001,2700,2000,2700,451,400,0000,000000,000000,000,000,000,00
001-0000,001-2700-452-0000-000000-000-00-000,WATER/SEWAGE,38000.00,0.00,38000.00,13150.37,1849.68,24849.63,-2210.32,0.00,100,001,2700,2000,2700,452,400,0000,000000,000000,000,000,000,00
001-0000,001-2700-453-0000-000000-000-00-000,NATURAL GAS,83977.66,0.00,83977.66,34353.58,13010.11,44646.42,-10646.42,4977.66,94.0726378900,001,2700,2000,2700,453,400,0000,000000,000000,000,000,000,00
001-0000,001-2700-490-0000-000000-000-00-000,OTHER PURCHASES SERVICES,12489.05,0.00,12489.05,7177.64,652.25,3017.34,-100.00,2294.07,81.6313490600,001,2700,2000,2700,490,400,0000,000000,000000,000,000,000,00
001-0000,001-2700-516-0000-000000-000-00-000,OPERATION/MAINTENANCE SOFTWARE,1400.00,0.00,1400.00,0,0,1400.00,0,0.00,100,001,2700,2000,2700,516,500,0000,000000,000000,000,000,000,00
001-0000,001-2700-570-0000-000000-000-00-000,MAINTENANCE SUPPLIES,221201.07,6880.57,228081.64,75666.80,8351.34,71050.30,-1437.19,81364.54,64.3265718400,001,2700,2000,2700,570,500,0000,000000,000000,000,000,000,00
001-0000,001-2700-620-0000-000000-000-00-000,BUILDING IMPROVEMENTS,157273.14,23598.35,180871.49,23529.61,0,2093.16,0,155248.72,14.1662845800,001,2700,2000,2700,620,600,0000,000000,000000,000,000,000,00
001-0000,001-2700-630-0000-000000-000-00-000,IMPROVEMENTS OTHER THAN BUILDINGS,303928.31,0.00,303928.31,2027.50,0,11598.30,0,290302.51,4.4832283000,001,2700,2000,2700,630,600,0000,000000,000000,000,000,000,00
001-0000,001-2700-640-0000-000000-000-00-000,MAINTENANCE CUSTODIAL EQUIPMENT,187200.70,0.00,187200.70,27990.38,1222.19,943.61,0,158266.71,15.4561334400,001,2700,2000,2700,640,600,0000,000000,000000,000,000,000,00
001-0000,001-2700-849-0000-000000-000-00-000,CUSTODIAL DUES AND FEES,650.00,0.00,650.00,0,0,0.00,0,650.00,0,001,2700,2000,2700,849,800,0000,000000,000000,000,000,000,00
001-0000,001-2829-141-0000-000000-000-00-000,BUS DRIVER SALARIES,236854.38,0.00,236854.38,161217.53,18950.34,0.00,0,75636.85,68.0660961400,001,2829,2000,2800,141,100,0000,000000,000000,000,000,000,00
001-0000,001-2829-142-0000-000000-000-00-000,BUS DRIVER SUBSTITUTE SALARY,16177.56,0.00,16177.56,8696.46,2296.58,0.00,0,7481.10,53.7563143000,001,2829,2000,2800,142,100,0000,000000,000000,000,000,000,00
001-0000,001-2829-149-0000-000000-000-00-000,BUS DRIVER OTHER,28090.64,0.00,28090.64,16480.30,2312.50,0.00,0,11610.34,58.6682966300,001,2829,2000,2800,149,100,0000,000000,000000,000,000,000,00
001-0000,001-2829-169-0000-000000-000-00-000,BUS DRIVER OTHER,1800.00,0.00,1800.00,700.00,0,0.00,0,1100.00,38.8888888900,001,2829,2000,2800,169,100,0000,000000,000000,000,000,000,00
001-0000,001-2829-221-0000-000000-000-00-000,BUS DRIVER SERS,39312.00,0.00,39312.00,23336.00,2917.00,4565.23,0,11410.77,70.9738247900,001,2829,2000,2800,221,200,0000,000000,000000,000,000,000,00
001-0000,001-2829-251-0000-000000-000-00-000,BUS DRIVER HEALTH INSURANCE,24114.03,0.00,24114.03,5721.78,0,0.00,0,18392.25,23.7280122800,001,2829,2000,2800,251,200,0000,000000,000000,000,000,000,00
001-0000,001-2829-252-0000-000000-000-00-000,BUS DRIVER LIFE INSURANCE,66.81,0.00,66.81,36.48,4.56,0.00,0,30.33,54.6026044000,001,2829,2000,2800,252,200,0000,000000,000000,000,000,000,00
001-0000,001-2829-253-0000-000000-000-00-000,BUS DRIVER DENTAL INSURANCE,504.60,0.00,504.60,84.10,0,0.00,0,420.50,16.6666666700,001,2829,2000,2800,253,200,0000,000000,000000,000,000,000,00
001-0000,001-2829-254-0000-000000-000-00-000,BUS DRIVER VISION INSURANCE,89.64,0.00,89.64,14.94,0,0.00,0,74.70,16.6666666700,001,2829,2000,2800,254,200,0000,000000,000000,000,000,000,00
001-0000,001-2829-259-0000-000000-000-00-000,BUS DRIVER MEDICARE,3862.63,0.00,3862.63,2568.46,325.38,0.00,173.53,1294.17,66.4951082600,001,2829,2000,2800,259,200,0000,000000,000000,000,000,000,00
001-0000,001-2829-434-0000-000000-000-00-000,CLASSIFIED MEETING EXPENSE,108.78,0.00,108.78,85.02,0,0.00,0,23.76,78.1577495900,001,2829,2000,2800,434,400,0000,000000,000000,000,000,000,00
001-0000,001-2829-499-0000-000000-000-00-000,BUS DRIVER DRUG TESTING/CERTIFICATION,2620.07,0.00,2620.07,789.00,98.00,1561.00,0,270.07,89.6922601300,001,2829,2000,2800,499,400,0000,000000,000000,000,000,000,00
001-0000,001-2829-517-0000-000000-000-00-000,TRANSPORTATION SOFTWARE,6340.00,0.00,6340.00,0,0,0.00,0,6340.00,0,001,2829,2000,2800,517,500,0000,000000,000000,000,000,000,00
001-0000,001-2829-589-0000-000000-000-00-000,"BUS RADIOS, SUPPLIES",8850.59,0.00,8850.59,3639.00,0,4688.05,0,523.54,94.0846881400,001,2829,2000,2800,589,500,0000,000000,000000,000,000,000,00
001-0000,001-2840-423-0000-000000-000-00-000,VEHICLE REPAIR & MAINTENANCE,145070.99,3300.00,148370.99,59597.55,934.94,87719.26,0,1054.18,99.2894972300,001,2840,2000,2800,423,400,0000,000000,000000,000,000,000,00
001-0000,001-2840-424-0000-000000-000-00-000,VEHICLE INSURANCE,17304.50,0.00,17304.50,7864.00,0,0.00,0,9440.50,45.4448264900,001,2840,2000,2800,424,400,0000,000000,000000,000,000,000,00
001-0000,001-2840-499-0000-000000-000-00-000,BUS CERTIFICATION,1555.00,0.00,1555.00,335.00,0,515.00,0,705.00,54.6623794200,001,2840,2000,2800,499,400,0000,000000,000000,000,000,000,00
001-0000,001-2840-581-0000-000000-000-00-000,BUS SUPPLIES,4875.31,0.00,4875.31,188.11,153.29,10618.29,-584.00,-5931.09,221.6556485600,001,2840,2000,2800,581,500,0000,000000,000000,000,000,000,00
001-0000,001-2840-582-0000-000000-000-00-000,BUS FUEL,101100.00,0.00,101100.00,45284.87,5530.39,55815.13,-2850.31,0.00,100,001,2840,2000,2800,582,500,0000,000000,000000,000,000,000,00
001-0000,001-2840-583-0000-000000-000-00-000,BUS TIRES,11223.76,0.00,11223.76,3913.77,0,4117.52,0,3192.47,71.5561451800,001,2840,2000,2800,583,500,0000,000000,000000,000,000,000,00
001-0000,001-2840-589-0000-000000-000-00-000,BUS DRIVER ABSTRACTS & CDLS,318.00,0.00,318.00,250.00,0,85.00,100.00,-17.00,105.3459119500,001,2840,2000,2800,589,500,0000,000000,000000,000,000,000,00
001-0000,001-2840-650-0000-000000-000-00-000,VEHICLES,15000.00,0.00,15000.00,0,0,0.00,0,15000.00,0,001,2840,2000,2800,650,600,0000,000000,000000,000,000,000,00
001-0000,001-2850-650-0000-000000-000-00-000,VEHICLES OTHER THAN BUSES,199825.00,0.00,199825.00,0,0,0.00,0,199825.00,0,001,2850,2000,2800,650,600,0000,000000,000000,000,000,000,00
001-0000,001-2850-660-0000-000000-000-00-000,PUPIL TRANSPORTATION - BUS,76445.00,0.00,76445.00,0,0,0.00,0,76445.00,0,001,2850,2000,2800,660,600,0000,000000,000000,000,000,000,00
001-0000,001-2932-449-0000-000000-000-00-000,NEWSLETTER/WEBSITE,4063.88,0.00,4063.88,3056.40,600.00,943.60,0,63.88,98.4281031900,001,2932,2000,2900,449,400,0000,000000,000000,000,000,000,00
001-0000,001-4190-113-0000-000000-000-00-000,ACADEMIC SUPPLEMENTALS CERTIFIED,45547.94,0.00,45547.94,5995.85,0,0.00,0,39552.09,13.1638225600,001,4190,4000,4100,113,100,0000,000000,000000,000,000,000,00
001-0000,001-4190-143-0000-000000-000-00-000,CLASSIFIED ACADEMIC ORIENTED SUPPLEMENTAL,6020.54,0.00,6020.54,866.52,0,0.00,0,5154.02,14.3927288900,001,4190,4000,4100,143,100,0000,000000,000000,000,000,000,00
001-0000,001-4190-211-0000-000000-000-00-000,SUPPLEMENTAL STRS,5808.00,0.00,5808.00,4392.00,549.00,0.00,0,1416.00,75.6198347100,001,4190,4000,4100,211,200,0000,000000,000000,000,000,000,00
001-0000,001-4190-212-0000-000000-000-00-000,SUPPLEMENTAL STRS PICKUP,455.47,0.00,455.47,19.93,0,0.00,0,435.54,4.3756998300,001,4190,4000,4100,212,200,0000,000000,000000,000,000,000,00
001-0000,001-4190-249-0000-000000-000-00-000,ADADEMIC SUPPLEMENTAL MEDICARE,639.53,0.00,639.53,81.94,0,0.00,0,557.59,12.8125342000,001,4190,4000,4100,249,200,0000,000000,000000,000,000,000,00
001-0000,001-4190-259-0000-000000-000-00-000,CLASSIFIED ACADEMIC ORIENTED OTHER,86.15,0.00,86.15,12.56,0,0.00,0,73.59,14.5792222900,001,4190,4000,4100,259,200,0000,000000,000000,000,000,000,00
001-0000,001-4590-113-0000-000000-000-00-000,SPORTS SUPPLEMENTALS CERTIFIED,64926.93,0.00,64926.93,16542.47,0,0.00,0,48384.46,25.4785957100,001,4590,4000,4500,113,100,0000,000000,000000,000,000,000,00
001-0000,001-4590-143-0000-000000-000-00-000,SPORTS SUPPLEMENTALS CLASSIFIED,174041.20,0.00,174041.20,68641.83,0,0.00,0,105399.37,39.4399889200,001,4590,4000,4500,143,100,0000,000000,000000,000,000,000,00
001-0000,001-4590-211-0000-000000-000-00-000,SPORTS SUPPLEMENTAL STRS,10140.00,0.00,10140.00,6264.00,783.00,0.00,0,3876.00,61.7751479300,001,4590,4000,4500,211,200,0000,000000,000000,000,000,000,00
001-0000,001-4590-212-0000-000000-000-00-000,SPORTS SUPPLEMENTAL STRS PICKUP,541.84,0.00,541.84,33.40,0,0.00,0,508.44,6.1641813100,001,4590,4000,4500,212,200,0000,000000,000000,000,000,000,00
001-0000,001-4590-221-0000-000000-000-00-000,SPORTS SUPPLEMENTAL SERS,20112.00,0.00,20112.00,15072.00,1884.00,1884.00,0,3156.00,84.3078758900,001,4590,4000,4500,221,200,0000,000000,000000,000,000,000,00
001-0000,001-4590-249-0000-000000-000-00-000,SPORTS SUPP MEDICARE CERTIFIED,923.69,0.00,923.69,234.39,0,0.00,0,689.30,25.3753965100,001,4590,4000,4500,249,200,0000,000000,000000,000,000,000,00
001-0000,001-4590-259-0000-000000-000-00-000,SPORTS SUPP MEDICARE CLASSIFIED,2533.76,0.00,2533.76,3047.39,476.91,0.00,246.98,-513.63,120.2714542800,001,4590,4000,4500,259,200,0000,000000,000000,000,000,000,00
001-0000,001-4590-413-0000-000000-000-00-000,ATHLETIC TRAINER,16980.00,0.00,16980.00,8332.50,1720.00,7167.50,0,1480.00,91.2838633700,001,4590,4000,4500,413,400,0000,000000,000000,000,000,000,00
001-0000,001-5200-630-0000-000000-000-00-000,IMPROVEMENTS OTHER THAN BUILDINGS,294193.43,0.00,294193.43,0,0,0.00,0,294193.43,0,001,5200,5000,5200,630,600,0000,000000,000000,000,000,000,00
001-0000,001-7200-911-0000-000000-000-00-000,TRANSFERS-OUT,1000000.00,0.00,1000000.00,0,0,0.00,0,1000000.00,0,001,7200,7000,7200,911,900,0000,000000,000000,000,000,000,00
